Workbook

Sheet Dashboard
A1: ⚡ 電費分析 Dashboard | R1: 📋 各期明細
A2: 帳號 10-09-4150-35-2 · 表燈非營業用 · 版本A(113/04–114/09) / 版本B(114/10起) · 新增資料請到 Input sheet | R2: 帳單月份 | S2: 季節 | T2: 度數 | U2: 流動費用 | V2: 公共費用 | W2: 總電費 | X2: 流動%
R3: 113/09 | S3: 夏季 | T3: 312 度 | U3: $672 | V3: 溢繳抵扣 | W3: $80 | X3: N/A
A4: 💰 累計總電費 | E4: ⚡ 流動費用 | I4: 🏢 公共費用 | M4: 📏 總用電度數 | R4: 113/11 | S4: 非夏季 | T4: 358 度 | U4: $740 | V4: $1,769 | W4: $2,509 | X4: 29.5%
A5: NT$ 25,249 | E5: NT$ 8,232 | I5: NT$ 17,017 | M5: 3,773 度 | R5: 114/01 | S5: 非夏季 | T5: 381 度 | U5: $810 | V5: $1,481 | W5: $2,291 | X5: 35.4%
R6: 114/03 | S6: 非夏季 | T6: 406 度 | U6: $885 | V6: $1,397 | W6: $2,282 | X6: 38.8%
A7: 共 10 期・不含113/09異常 | E7: 佔總費用 32.6% | I7: 佔總費用 67.4% | M7: 平均 377 度 / 期 | R7: 114/05 | S7: 非夏季 | T7: 425 度 | U7: $943 | V7: $1,553 | W7: $2,496 | X7: 37.8%
R8: 114/07 | S8: 非夏季 | T8: 419 度 | U8: $925 | V8: $1,831 | W8: $2,756 | X8: 33.6%
R9: 114/09 | S9: 夏季 | T9: 418 度 | U9: $1,042 | V9: $2,451 | W9: $3,493 | X9: 29.8%
R10: 114/11 | S10: 非夏季 | T10: 395 度 | U10: $852 | V10: $2,041 | W10: $2,893 | X10: 29.5%
R11: 115/01 | S11: 非夏季 | T11: 312 度 | U11: $648 | V11: $1,508 | W11: $2,156 | X11: 30.1%
R12: 115/03 | S12: 非夏季 | T12: 345 度 | U12: $735 | V12: $1,443 | W12: $2,178 | X12: 33.7%
R13: 115/05 | S13: 非夏季 | T13: 314 度 | U13: $652 | V13: $1,543 | W13: $2,195 | X13: 29.7%
R15: 📊 彙總（不含異常期）
R16: 累計總電費 | V16: NT$ 25,249
R17: 流動費用 | V17: NT$ 8,232
R18: 公共費用 | V18: NT$ 17,017
R19: 流動費用% | V19: 32.6%
R20: 公共費用% | V20: 67.4%
R21: 資料期數 | V21: 10 期

Sheet Input
B1: ⚡ 新增電費資料
B2: 填寫以下 4 格，按「✅ 確認新增」，自動更新全部資料與圖表
B4: 帳單月份
C5: ↑ 格式：115/07
B6: 用電度數
C7: ↑ 單位：度（整數）
B8: 總電費(元)
C9: ↑ 台電帳單金額（整數）
B10: 季節 | C10: 非夏季
C11: ↑ 下拉選：夏季 / 非夏季
B13: ✅ 確認新增 （按鈕需先設定 VBA Macro: AddNewRecord）
B16: ── 新增後自動顯示結果 ──
B17: 費率版本
B18: 流動費用估算
B19: 公共費用估算
B20: 半年別
B22: 📌 操作說明： 1. 填完 4 格後按綠色按鈕 2. VBA 自動計算流動費用、公共費用，寫入 Raw Data 3. 圖表與 Dashboard 統計表自動更新 4. 首次使用：需另存為 .xlsm 並加入 VBA 模組

Sheet Raw Data
A1: ⚡ 電費 Raw Data | M1: 📋 累進費率查詢表
A2: 📌 每期只需填寫 A（帳單月份）、B（度數）、C（總電費）、D（季節）→ 其餘自動計算；VBA 按鈕新增更方便 | M2: 版本A：113/04/01–114/09/30 ｜ 版本B：114/10/01起
A3: 帳單月份 | B3: 用電度數 | C3: 總電費(元) | D3: 季節 | E3: 費率版本 | F3: 流動費用(元) | G3: 公共費用(元) | H3: 流動% | I3: 備註 | J3: 半年 | K3: 年度 | M3: 費率Key | N3: 第1段 ≤120度 | O3: 第2段 121-330 | P3: 第3段 331-500 | Q3: 第4段 501-700 | R3: 第5段 701-999 | S3: 第6段 ≥1000
A4: 113/09 | B4: 312 | C4: 80 | D4: 夏季 | E4: =IF(A4="","",IF(OR(VALUE(LEFT(A4,3))>114,AND(VALUE(LEFT(A4,3))=114,VALUE(MID(A4,5,2))>=10)),"B","A")) -> A | F4: =IF(OR(B4="",D4=""),"",ROUND(MIN(B4,120)*INDEX($N$4:$S$7,MATCH(E4&D4,$M$4:$M$7,0),1)+MAX(MIN(B4,330)-120,0)*INDEX($N$4:$S$7,MATCH(E4&D4,$M$4:$M$7,0),2)+MAX(MIN(B4,500)-330,0)*INDEX($N$4:$S$7,MATCH(E4&D4,$M$4:$M$7,0),3)+MAX(MIN(B4,700)-500,0)*INDEX($N$4:$S$7,MATCH(E4&D4,$M$4:$M$7,0),4)+MAX(MIN(B4,999)-700,0)*INDEX($N$4:$S$7,MATCH(E4&D4,$M$4:$M$7,0),5)+MAX(B4-999,0)*INDEX($N$4:$S$7,MATCH(E4&D4,$M$4:$M$7,0),6),0)) -> 672 | G4: N/A (溢繳抵扣) | H4: N/A | I4: 113/07溢繳抵扣（正常流動費用估算 $672，實收 $80） | J4: =IF(A4="","",LEFT(A4,3)&IF(VALUE(MID(A4,5,2))<=6,"上","下")) -> 113下 | K4: =IF(A4="","",LEFT(A4,3)) -> 113 | L4: ⚠ 溢繳抵扣期 | M4: A夏季 | N4: 1.68 | O4: 2.45 | P4: 3.7 | Q4: 5.04 | R4: 6.24 | S4: 8.46
A5: 113/11 | B5: 358 | C5: 2509 | D5: 非夏季 | E5: =IF(A5="","",IF(OR(VALUE(LEFT(A5,3))>114,AND(VALUE(LEFT(A5,3))=114,VALUE(MID(A5,5,2))>=10)),"B","A")) -> A | F5: =IF(OR(B5="",D5=""),"",ROUND(MIN(B5,120)*INDEX($N$4:$S$7,MATCH(E5&D5,$M$4:$M$7,0),1)+MAX(MIN(B5,330)-120,0)*INDEX($N$4:$S$7,MATCH(E5&D5,$M$4:$M$7,0),2)+MAX(MIN(B5,500)-330,0)*INDEX($N$4:$S$7,MATCH(E5&D5,$M$4:$M$7,0),3)+MAX(MIN(B5,700)-500,0)*INDEX($N$4:$S$7,MATCH(E5&D5,$M$4:$M$7,0),4)+MAX(MIN(B5,999)-700,0)*INDEX($N$4:$S$7,MATCH(E5&D5,$M$4:$M$7,0),5)+MAX(B5-999,0)*INDEX($N$4:$S$7,MATCH(E5&D5,$M$4:$M$7,0),6),0)) -> 740 | G5: =IF(OR(C5="",F5=""),"",C5-F5) -> 1769 | H5: =IF(OR(C5=0,F5=""),"",F5/C5) -> 0.29493822 | J5: =IF(A5="","",LEFT(A5,3)&IF(VALUE(MID(A5,5,2))<=6,"上","下")) -> 113下 | K5: =IF(A5="","",LEFT(A5,3)) -> 113 | M5: A非夏季 | N5: 1.68 | O5: 2.16 | P5: 3.03 | Q5: 4.14 | R5: 5.07 | S5: 6.63
A6: 114/01 | B6: 381 | C6: 2291 | D6: 非夏季 | E6: =IF(A6="","",IF(OR(VALUE(LEFT(A6,3))>114,AND(VALUE(LEFT(A6,3))=114,VALUE(MID(A6,5,2))>=10)),"B","A")) -> A | F6: =IF(OR(B6="",D6=""),"",ROUND(MIN(B6,120)*INDEX($N$4:$S$7,MATCH(E6&D6,$M$4:$M$7,0),1)+MAX(MIN(B6,330)-120,0)*INDEX($N$4:$S$7,MATCH(E6&D6,$M$4:$M$7,0),2)+MAX(MIN(B6,500)-330,0)*INDEX($N$4:$S$7,MATCH(E6&D6,$M$4:$M$7,0),3)+MAX(MIN(B6,700)-500,0)*INDEX($N$4:$S$7,MATCH(E6&D6,$M$4:$M$7,0),4)+MAX(MIN(B6,999)-700,0)*INDEX($N$4:$S$7,MATCH(E6&D6,$M$4:$M$7,0),5)+MAX(B6-999,0)*INDEX($N$4:$S$7,MATCH(E6&D6,$M$4:$M$7,0),6),0)) -> 810 | G6: =IF(OR(C6="",F6=""),"",C6-F6) -> 1481 | H6: =IF(OR(C6=0,F6=""),"",F6/C6) -> 0.3535574 | J6: =IF(A6="","",LEFT(A6,3)&IF(VALUE(MID(A6,5,2))<=6,"上","下")) -> 114上 | K6: =IF(A6="","",LEFT(A6,3)) -> 114 | M6: B夏季 | N6: 1.78 | O6: 2.55 | P6: 3.8 | Q6: 5.14 | R6: 6.44 | S6: 8.86
A7: 114/03 | B7: 406 | C7: 2282 | D7: 非夏季 | E7: =IF(A7="","",IF(OR(VALUE(LEFT(A7,3))>114,AND(VALUE(LEFT(A7,3))=114,VALUE(MID(A7,5,2))>=10)),"B","A")) -> A | F7: =IF(OR(B7="",D7=""),"",ROUND(MIN(B7,120)*INDEX($N$4:$S$7,MATCH(E7&D7,$M$4:$M$7,0),1)+MAX(MIN(B7,330)-120,0)*INDEX($N$4:$S$7,MATCH(E7&D7,$M$4:$M$7,0),2)+MAX(MIN(B7,500)-330,0)*INDEX($N$4:$S$7,MATCH(E7&D7,$M$4:$M$7,0),3)+MAX(MIN(B7,700)-500,0)*INDEX($N$4:$S$7,MATCH(E7&D7,$M$4:$M$7,0),4)+MAX(MIN(B7,999)-700,0)*INDEX($N$4:$S$7,MATCH(E7&D7,$M$4:$M$7,0),5)+MAX(B7-999,0)*INDEX($N$4:$S$7,MATCH(E7&D7,$M$4:$M$7,0),6),0)) -> 885 | G7: =IF(OR(C7="",F7=""),"",C7-F7) -> 1397 | H7: =IF(OR(C7=0,F7=""),"",F7/C7) -> 0.3878177 | J7: =IF(A7="","",LEFT(A7,3)&IF(VALUE(MID(A7,5,2))<=6,"上","下")) -> 114上 | K7: =IF(A7="","",LEFT(A7,3)) -> 114 | M7: B非夏季 | N7: 1.78 | O7: 2.26 | P7: 3.13 | Q7: 4.24 | R7: 5.27 | S7: 7.03
A8: 114/05 | B8: 425 | C8: 2496 | D8: 非夏季 | E8: =IF(A8="","",IF(OR(VALUE(LEFT(A8,3))>114,AND(VALUE(LEFT(A8,3))=114,VALUE(MID(A8,5,2))>=10)),"B","A")) -> A | F8: =IF(OR(B8="",D8=""),"",ROUND(MIN(B8,120)*INDEX($N$4:$S$7,MATCH(E8&D8,$M$4:$M$7,0),1)+MAX(MIN(B8,330)-120,0)*INDEX($N$4:$S$7,MATCH(E8&D8,$M$4:$M$7,0),2)+MAX(MIN(B8,500)-330,0)*INDEX($N$4:$S$7,MATCH(E8&D8,$M$4:$M$7,0),3)+MAX(MIN(B8,700)-500,0)*INDEX($N$4:$S$7,MATCH(E8&D8,$M$4:$M$7,0),4)+MAX(MIN(B8,999)-700,0)*INDEX($N$4:$S$7,MATCH(E8&D8,$M$4:$M$7,0),5)+MAX(B8-999,0)*INDEX($N$4:$S$7,MATCH(E8&D8,$M$4:$M$7,0),6),0)) -> 943 | G8: =IF(OR(C8="",F8=""),"",C8-F8) -> 1553 | H8: =IF(OR(C8=0,F8=""),"",F8/C8) -> 0.37780449 | J8: =IF(A8="","",LEFT(A8,3)&IF(VALUE(MID(A8,5,2))<=6,"上","下")) -> 114上 | K8: =IF(A8="","",LEFT(A8,3)) -> 114
A9: 114/07 | B9: 419 | C9: 2756 | D9: 非夏季 | E9: =IF(A9="","",IF(OR(VALUE(LEFT(A9,3))>114,AND(VALUE(LEFT(A9,3))=114,VALUE(MID(A9,5,2))>=10)),"B","A")) -> A | F9: =IF(OR(B9="",D9=""),"",ROUND(MIN(B9,120)*INDEX($N$4:$S$7,MATCH(E9&D9,$M$4:$M$7,0),1)+MAX(MIN(B9,330)-120,0)*INDEX($N$4:$S$7,MATCH(E9&D9,$M$4:$M$7,0),2)+MAX(MIN(B9,500)-330,0)*INDEX($N$4:$S$7,MATCH(E9&D9,$M$4:$M$7,0),3)+MAX(MIN(B9,700)-500,0)*INDEX($N$4:$S$7,MATCH(E9&D9,$M$4:$M$7,0),4)+MAX(MIN(B9,999)-700,0)*INDEX($N$4:$S$7,MATCH(E9&D9,$M$4:$M$7,0),5)+MAX(B9-999,0)*INDEX($N$4:$S$7,MATCH(E9&D9,$M$4:$M$7,0),6),0)) -> 925 | G9: =IF(OR(C9="",F9=""),"",C9-F9) -> 1831 | H9: =IF(OR(C9=0,F9=""),"",F9/C9) -> 0.33563135 | J9: =IF(A9="","",LEFT(A9,3)&IF(VALUE(MID(A9,5,2))<=6,"上","下")) -> 114下 | K9: =IF(A9="","",LEFT(A9,3)) -> 114
A10: 114/09 | B10: 418 | C10: 3493 | D10: 夏季 | E10: =IF(A10="","",IF(OR(VALUE(LEFT(A10,3))>114,AND(VALUE(LEFT(A10,3))=114,VALUE(MID(A10,5,2))>=10)),"B","A")) -> A | F10: =IF(OR(B10="",D10=""),"",ROUND(MIN(B10,120)*INDEX($N$4:$S$7,MATCH(E10&D10,$M$4:$M$7,0),1)+MAX(MIN(B10,330)-120,0)*INDEX($N$4:$S$7,MATCH(E10&D10,$M$4:$M$7,0),2)+MAX(MIN(B10,500)-330,0)*INDEX($N$4:$S$7,MATCH(E10&D10,$M$4:$M$7,0),3)+MAX(MIN(B10,700)-500,0)*INDEX($N$4:$S$7,MATCH(E10&D10,$M$4:$M$7,0),4)+MAX(MIN(B10,999)-700,0)*INDEX($N$4:$S$7,MATCH(E10&D10,$M$4:$M$7,0),5)+MAX(B10-999,0)*INDEX($N$4:$S$7,MATCH(E10&D10,$M$4:$M$7,0),6),0)) -> 1042 | G10: =IF(OR(C10="",F10=""),"",C10-F10) -> 2451 | H10: =IF(OR(C10=0,F10=""),"",F10/C10) -> 0.29831091 | J10: =IF(A10="","",LEFT(A10,3)&IF(VALUE(MID(A10,5,2))<=6,"上","下")) -> 114下 | K10: =IF(A10="","",LEFT(A10,3)) -> 114
A11: 114/11 | B11: 395 | C11: 2893 | D11: 非夏季 | E11: =IF(A11="","",IF(OR(VALUE(LEFT(A11,3))>114,AND(VALUE(LEFT(A11,3))=114,VALUE(MID(A11,5,2))>=10)),"B","A")) -> B | F11: =IF(OR(B11="",D11=""),"",ROUND(MIN(B11,120)*INDEX($N$4:$S$7,MATCH(E11&D11,$M$4:$M$7,0),1)+MAX(MIN(B11,330)-120,0)*INDEX($N$4:$S$7,MATCH(E11&D11,$M$4:$M$7,0),2)+MAX(MIN(B11,500)-330,0)*INDEX($N$4:$S$7,MATCH(E11&D11,$M$4:$M$7,0),3)+MAX(MIN(B11,700)-500,0)*INDEX($N$4:$S$7,MATCH(E11&D11,$M$4:$M$7,0),4)+MAX(MIN(B11,999)-700,0)*INDEX($N$4:$S$7,MATCH(E11&D11,$M$4:$M$7,0),5)+MAX(B11-999,0)*INDEX($N$4:$S$7,MATCH(E11&D11,$M$4:$M$7,0),6),0)) -> 892 | G11: =IF(OR(C11="",F11=""),"",C11-F11) -> 2001 | H11: =IF(OR(C11=0,F11=""),"",F11/C11) -> 0.30833045 | J11: =IF(A11="","",LEFT(A11,3)&IF(VALUE(MID(A11,5,2))<=6,"上","下")) -> 114下 | K11: =IF(A11="","",LEFT(A11,3)) -> 114
A12: 115/01 | B12: 312 | C12: 2156 | D12: 非夏季 | E12: =IF(A12="","",IF(OR(VALUE(LEFT(A12,3))>114,AND(VALUE(LEFT(A12,3))=114,VALUE(MID(A12,5,2))>=10)),"B","A")) -> B | F12: =IF(OR(B12="",D12=""),"",ROUND(MIN(B12,120)*INDEX($N$4:$S$7,MATCH(E12&D12,$M$4:$M$7,0),1)+MAX(MIN(B12,330)-120,0)*INDEX($N$4:$S$7,MATCH(E12&D12,$M$4:$M$7,0),2)+MAX(MIN(B12,500)-330,0)*INDEX($N$4:$S$7,MATCH(E12&D12,$M$4:$M$7,0),3)+MAX(MIN(B12,700)-500,0)*INDEX($N$4:$S$7,MATCH(E12&D12,$M$4:$M$7,0),4)+MAX(MIN(B12,999)-700,0)*INDEX($N$4:$S$7,MATCH(E12&D12,$M$4:$M$7,0),5)+MAX(B12-999,0)*INDEX($N$4:$S$7,MATCH(E12&D12,$M$4:$M$7,0),6),0)) -> 648 | G12: =IF(OR(C12="",F12=""),"",C12-F12) -> 1508 | H12: =IF(OR(C12=0,F12=""),"",F12/C12) -> 0.30055659 | J12: =IF(A12="","",LEFT(A12,3)&IF(VALUE(MID(A12,5,2))<=6,"上","下")) -> 115上 | K12: =IF(A12="","",LEFT(A12,3)) -> 115
A13: 115/03 | B13: 345 | C13: 2178 | D13: 非夏季 | E13: =IF(A13="","",IF(OR(VALUE(LEFT(A13,3))>114,AND(VALUE(LEFT(A13,3))=114,VALUE(MID(A13,5,2))>=10)),"B","A")) -> B | F13: =IF(OR(B13="",D13=""),"",ROUND(MIN(B13,120)*INDEX($N$4:$S$7,MATCH(E13&D13,$M$4:$M$7,0),1)+MAX(MIN(B13,330)-120,0)*INDEX($N$4:$S$7,MATCH(E13&D13,$M$4:$M$7,0),2)+MAX(MIN(B13,500)-330,0)*INDEX($N$4:$S$7,MATCH(E13&D13,$M$4:$M$7,0),3)+MAX(MIN(B13,700)-500,0)*INDEX($N$4:$S$7,MATCH(E13&D13,$M$4:$M$7,0),4)+MAX(MIN(B13,999)-700,0)*INDEX($N$4:$S$7,MATCH(E13&D13,$M$4:$M$7,0),5)+MAX(B13-999,0)*INDEX($N$4:$S$7,MATCH(E13&D13,$M$4:$M$7,0),6),0)) -> 735 | G13: =IF(OR(C13="",F13=""),"",C13-F13) -> 1443 | H13: =IF(OR(C13=0,F13=""),"",F13/C13) -> 0.33746556 | J13: =IF(A13="","",LEFT(A13,3)&IF(VALUE(MID(A13,5,2))<=6,"上","下")) -> 115上 | K13: =IF(A13="","",LEFT(A13,3)) -> 115
A14: 115/05 | B14: 314 | C14: 2195 | D14: 非夏季 | E14: =IF(A14="","",IF(OR(VALUE(LEFT(A14,3))>114,AND(VALUE(LEFT(A14,3))=114,VALUE(MID(A14,5,2))>=10)),"B","A")) -> B | F14: =IF(OR(B14="",D14=""),"",ROUND(MIN(B14,120)*INDEX($N$4:$S$7,MATCH(E14&D14,$M$4:$M$7,0),1)+MAX(MIN(B14,330)-120,0)*INDEX($N$4:$S$7,MATCH(E14&D14,$M$4:$M$7,0),2)+MAX(MIN(B14,500)-330,0)*INDEX($N$4:$S$7,MATCH(E14&D14,$M$4:$M$7,0),3)+MAX(MIN(B14,700)-500,0)*INDEX($N$4:$S$7,MATCH(E14&D14,$M$4:$M$7,0),4)+MAX(MIN(B14,999)-700,0)*INDEX($N$4:$S$7,MATCH(E14&D14,$M$4:$M$7,0),5)+MAX(B14-999,0)*INDEX($N$4:$S$7,MATCH(E14&D14,$M$4:$M$7,0),6),0)) -> 652 | G14: =IF(OR(C14="",F14=""),"",C14-F14) -> 1543 | H14: =IF(OR(C14=0,F14=""),"",F14/C14) -> 0.29703872 | J14: =IF(A14="","",LEFT(A14,3)&IF(VALUE(MID(A14,5,2))<=6,"上","下")) -> 115上 | K14: =IF(A14="","",LEFT(A14,3)) -> 115
E15: =IF(A15="","",IF(OR(VALUE(LEFT(A15,3))>114,AND(VALUE(LEFT(A15,3))=114,VALUE(MID(A15,5,2))>=10)),"B","A")) | F15: =IF(OR(B15="",D15=""),"",ROUND(MIN(B15,120)*INDEX($N$4:$S$7,MATCH(E15&D15,$M$4:$M$7,0),1)+MAX(MIN(B15,330)-120,0)*INDEX($N$4:$S$7,MATCH(E15&D15,$M$4:$M$7,0),2)+MAX(MIN(B15,500)-330,0)*INDEX($N$4:$S$7,MATCH(E15&D15,$M$4:$M$7,0),3)+MAX(MIN(B15,700)-500,0)*INDEX($N$4:$S$7,MATCH(E15&D15,$M$4:$M$7,0),4)+MAX(MIN(B15,999)-700,0)*INDEX($N$4:$S$7,MATCH(E15&D15,$M$4:$M$7,0),5)+MAX(B15-999,0)*INDEX($N$4:$S$7,MATCH(E15&D15,$M$4:$M$7,0),6),0)) | G15: =IF(OR(C15="",F15=""),"",C15-F15) | H15: =IF(OR(C15=0,F15=""),"",F15/C15) | J15: =IF(A15="","",LEFT(A15,3)&IF(VALUE(MID(A15,5,2))<=6,"上","下")) | K15: =IF(A15="","",LEFT(A15,3))
E16: =IF(A16="","",IF(OR(VALUE(LEFT(A16,3))>114,AND(VALUE(LEFT(A16,3))=114,VALUE(MID(A16,5,2))>=10)),"B","A")) | F16: =IF(OR(B16="",D16=""),"",ROUND(MIN(B16,120)*INDEX($N$4:$S$7,MATCH(E16&D16,$M$4:$M$7,0),1)+MAX(MIN(B16,330)-120,0)*INDEX($N$4:$S$7,MATCH(E16&D16,$M$4:$M$7,0),2)+MAX(MIN(B16,500)-330,0)*INDEX($N$4:$S$7,MATCH(E16&D16,$M$4:$M$7,0),3)+MAX(MIN(B16,700)-500,0)*INDEX($N$4:$S$7,MATCH(E16&D16,$M$4:$M$7,0),4)+MAX(MIN(B16,999)-700,0)*INDEX($N$4:$S$7,MATCH(E16&D16,$M$4:$M$7,0),5)+MAX(B16-999,0)*INDEX($N$4:$S$7,MATCH(E16&D16,$M$4:$M$7,0),6),0)) | G16: =IF(OR(C16="",F16=""),"",C16-F16) | H16: =IF(OR(C16=0,F16=""),"",F16/C16) | J16: =IF(A16="","",LEFT(A16,3)&IF(VALUE(MID(A16,5,2))<=6,"上","下")) | K16: =IF(A16="","",LEFT(A16,3))
E17: =IF(A17="","",IF(OR(VALUE(LEFT(A17,3))>114,AND(VALUE(LEFT(A17,3))=114,VALUE(MID(A17,5,2))>=10)),"B","A")) | F17: =IF(OR(B17="",D17=""),"",ROUND(MIN(B17,120)*INDEX($N$4:$S$7,MATCH(E17&D17,$M$4:$M$7,0),1)+MAX(MIN(B17,330)-120,0)*INDEX($N$4:$S$7,MATCH(E17&D17,$M$4:$M$7,0),2)+MAX(MIN(B17,500)-330,0)*INDEX($N$4:$S$7,MATCH(E17&D17,$M$4:$M$7,0),3)+MAX(MIN(B17,700)-500,0)*INDEX($N$4:$S$7,MATCH(E17&D17,$M$4:$M$7,0),4)+MAX(MIN(B17,999)-700,0)*INDEX($N$4:$S$7,MATCH(E17&D17,$M$4:$M$7,0),5)+MAX(B17-999,0)*INDEX($N$4:$S$7,MATCH(E17&D17,$M$4:$M$7,0),6),0)) | G17: =IF(OR(C17="",F17=""),"",C17-F17) | H17: =IF(OR(C17=0,F17=""),"",F17/C17) | J17: =IF(A17="","",LEFT(A17,3)&IF(VALUE(MID(A17,5,2))<=6,"上","下")) | K17: =IF(A17="","",LEFT(A17,3))
E18: =IF(A18="","",IF(OR(VALUE(LEFT(A18,3))>114,AND(VALUE(LEFT(A18,3))=114,VALUE(MID(A18,5,2))>=10)),"B","A")) | F18: =IF(OR(B18="",D18=""),"",ROUND(MIN(B18,120)*INDEX($N$4:$S$7,MATCH(E18&D18,$M$4:$M$7,0),1)+MAX(MIN(B18,330)-120,0)*INDEX($N$4:$S$7,MATCH(E18&D18,$M$4:$M$7,0),2)+MAX(MIN(B18,500)-330,0)*INDEX($N$4:$S$7,MATCH(E18&D18,$M$4:$M$7,0),3)+MAX(MIN(B18,700)-500,0)*INDEX($N$4:$S$7,MATCH(E18&D18,$M$4:$M$7,0),4)+MAX(MIN(B18,999)-700,0)*INDEX($N$4:$S$7,MATCH(E18&D18,$M$4:$M$7,0),5)+MAX(B18-999,0)*INDEX($N$4:$S$7,MATCH(E18&D18,$M$4:$M$7,0),6),0)) | G18: =IF(OR(C18="",F18=""),"",C18-F18) | H18: =IF(OR(C18=0,F18=""),"",F18/C18) | J18: =IF(A18="","",LEFT(A18,3)&IF(VALUE(MID(A18,5,2))<=6,"上","下")) | K18: =IF(A18="","",LEFT(A18,3))
E19: =IF(A19="","",IF(OR(VALUE(LEFT(A19,3))>114,AND(VALUE(LEFT(A19,3))=114,VALUE(MID(A19,5,2))>=10)),"B","A")) | F19: =IF(OR(B19="",D19=""),"",ROUND(MIN(B19,120)*INDEX($N$4:$S$7,MATCH(E19&D19,$M$4:$M$7,0),1)+MAX(MIN(B19,330)-120,0)*INDEX($N$4:$S$7,MATCH(E19&D19,$M$4:$M$7,0),2)+MAX(MIN(B19,500)-330,0)*INDEX($N$4:$S$7,MATCH(E19&D19,$M$4:$M$7,0),3)+MAX(MIN(B19,700)-500,0)*INDEX($N$4:$S$7,MATCH(E19&D19,$M$4:$M$7,0),4)+MAX(MIN(B19,999)-700,0)*INDEX($N$4:$S$7,MATCH(E19&D19,$M$4:$M$7,0),5)+MAX(B19-999,0)*INDEX($N$4:$S$7,MATCH(E19&D19,$M$4:$M$7,0),6),0)) | G19: =IF(OR(C19="",F19=""),"",C19-F19) | H19: =IF(OR(C19=0,F19=""),"",F19/C19) | J19: =IF(A19="","",LEFT(A19,3)&IF(VALUE(MID(A19,5,2))<=6,"上","下")) | K19: =IF(A19="","",LEFT(A19,3))
E20: =IF(A20="","",IF(OR(VALUE(LEFT(A20,3))>114,AND(VALUE(LEFT(A20,3))=114,VALUE(MID(A20,5,2))>=10)),"B","A")) | F20: =IF(OR(B20="",D20=""),"",ROUND(MIN(B20,120)*INDEX($N$4:$S$7,MATCH(E20&D20,$M$4:$M$7,0),1)+MAX(MIN(B20,330)-120,0)*INDEX($N$4:$S$7,MATCH(E20&D20,$M$4:$M$7,0),2)+MAX(MIN(B20,500)-330,0)*INDEX($N$4:$S$7,MATCH(E20&D20,$M$4:$M$7,0),3)+MAX(MIN(B20,700)-500,0)*INDEX($N$4:$S$7,MATCH(E20&D20,$M$4:$M$7,0),4)+MAX(MIN(B20,999)-700,0)*INDEX($N$4:$S$7,MATCH(E20&D20,$M$4:$M$7,0),5)+MAX(B20-999,0)*INDEX($N$4:$S$7,MATCH(E20&D20,$M$4:$M$7,0),6),0)) | G20: =IF(OR(C20="",F20=""),"",C20-F20) | H20: =IF(OR(C20=0,F20=""),"",F20/C20) | J20: =IF(A20="","",LEFT(A20,3)&IF(VALUE(MID(A20,5,2))<=6,"上","下")) | K20: =IF(A20="","",LEFT(A20,3))

Sheet Data
A1: 期別 | B1: 流動費用 | C1: 公共費用 | D1: 總電費 | E1: 度數
A2: =IF('Raw Data'!A4="","",IFERROR('Raw Data'!A4,"")) -> 113/09 | B2: =IF(OR('Raw Data'!A4="",NOT(ISNUMBER('Raw Data'!G4))),0,IFERROR('Raw Data'!F4,0)) -> 0 | C2: =IF(OR('Raw Data'!A4="",NOT(ISNUMBER('Raw Data'!G4))),0,IFERROR('Raw Data'!G4,0)) -> 0 | D2: =IF('Raw Data'!A4="",0,IFERROR('Raw Data'!C4,0)) -> 80 | E2: =IF('Raw Data'!A4="",0,IFERROR('Raw Data'!B4,0)) -> 312
A3: =IF('Raw Data'!A5="","",IFERROR('Raw Data'!A5,"")) -> 113/11 | B3: =IF(OR('Raw Data'!A5="",NOT(ISNUMBER('Raw Data'!G5))),0,IFERROR('Raw Data'!F5,0)) -> 740 | C3: =IF(OR('Raw Data'!A5="",NOT(ISNUMBER('Raw Data'!G5))),0,IFERROR('Raw Data'!G5,0)) -> 1769 | D3: =IF('Raw Data'!A5="",0,IFERROR('Raw Data'!C5,0)) -> 2509 | E3: =IF('Raw Data'!A5="",0,IFERROR('Raw Data'!B5,0)) -> 358
A4: =IF('Raw Data'!A6="","",IFERROR('Raw Data'!A6,"")) -> 114/01 | B4: =IF(OR('Raw Data'!A6="",NOT(ISNUMBER('Raw Data'!G6))),0,IFERROR('Raw Data'!F6,0)) -> 810 | C4: =IF(OR('Raw Data'!A6="",NOT(ISNUMBER('Raw Data'!G6))),0,IFERROR('Raw Data'!G6,0)) -> 1481 | D4: =IF('Raw Data'!A6="",0,IFERROR('Raw Data'!C6,0)) -> 2291 | E4: =IF('Raw Data'!A6="",0,IFERROR('Raw Data'!B6,0)) -> 381
A5: =IF('Raw Data'!A7="","",IFERROR('Raw Data'!A7,"")) -> 114/03 | B5: =IF(OR('Raw Data'!A7="",NOT(ISNUMBER('Raw Data'!G7))),0,IFERROR('Raw Data'!F7,0)) -> 885 | C5: =IF(OR('Raw Data'!A7="",NOT(ISNUMBER('Raw Data'!G7))),0,IFERROR('Raw Data'!G7,0)) -> 1397 | D5: =IF('Raw Data'!A7="",0,IFERROR('Raw Data'!C7,0)) -> 2282 | E5: =IF('Raw Data'!A7="",0,IFERROR('Raw Data'!B7,0)) -> 406
A6: =IF('Raw Data'!A8="","",IFERROR('Raw Data'!A8,"")) -> 114/05 | B6: =IF(OR('Raw Data'!A8="",NOT(ISNUMBER('Raw Data'!G8))),0,IFERROR('Raw Data'!F8,0)) -> 943 | C6: =IF(OR('Raw Data'!A8="",NOT(ISNUMBER('Raw Data'!G8))),0,IFERROR('Raw Data'!G8,0)) -> 1553 | D6: =IF('Raw Data'!A8="",0,IFERROR('Raw Data'!C8,0)) -> 2496 | E6: =IF('Raw Data'!A8="",0,IFERROR('Raw Data'!B8,0)) -> 425
A7: =IF('Raw Data'!A9="","",IFERROR('Raw Data'!A9,"")) -> 114/07 | B7: =IF(OR('Raw Data'!A9="",NOT(ISNUMBER('Raw Data'!G9))),0,IFERROR('Raw Data'!F9,0)) -> 925 | C7: =IF(OR('Raw Data'!A9="",NOT(ISNUMBER('Raw Data'!G9))),0,IFERROR('Raw Data'!G9,0)) -> 1831 | D7: =IF('Raw Data'!A9="",0,IFERROR('Raw Data'!C9,0)) -> 2756 | E7: =IF('Raw Data'!A9="",0,IFERROR('Raw Data'!B9,0)) -> 419
A8: =IF('Raw Data'!A10="","",IFERROR('Raw Data'!A10,"")) -> 114/09 | B8: =IF(OR('Raw Data'!A10="",NOT(ISNUMBER('Raw Data'!G10))),0,IFERROR('Raw Data'!F10,0)) -> 1042 | C8: =IF(OR('Raw Data'!A10="",NOT(ISNUMBER('Raw Data'!G10))),0,IFERROR('Raw Data'!G10,0)) -> 2451 | D8: =IF('Raw Data'!A10="",0,IFERROR('Raw Data'!C10,0)) -> 3493 | E8: =IF('Raw Data'!A10="",0,IFERROR('Raw Data'!B10,0)) -> 418
A9: =IF('Raw Data'!A11="","",IFERROR('Raw Data'!A11,"")) -> 114/11 | B9: =IF(OR('Raw Data'!A11="",NOT(ISNUMBER('Raw Data'!G11))),0,IFERROR('Raw Data'!F11,0)) -> 892 | C9: =IF(OR('Raw Data'!A11="",NOT(ISNUMBER('Raw Data'!G11))),0,IFERROR('Raw Data'!G11,0)) -> 2001 | D9: =IF('Raw Data'!A11="",0,IFERROR('Raw Data'!C11,0)) -> 2893 | E9: =IF('Raw Data'!A11="",0,IFERROR('Raw Data'!B11,0)) -> 395
A10: =IF('Raw Data'!A12="","",IFERROR('Raw Data'!A12,"")) -> 115/01 | B10: =IF(OR('Raw Data'!A12="",NOT(ISNUMBER('Raw Data'!G12))),0,IFERROR('Raw Data'!F12,0)) -> 648 | C10: =IF(OR('Raw Data'!A12="",NOT(ISNUMBER('Raw Data'!G12))),0,IFERROR('Raw Data'!G12,0)) -> 1508 | D10: =IF('Raw Data'!A12="",0,IFERROR('Raw Data'!C12,0)) -> 2156 | E10: =IF('Raw Data'!A12="",0,IFERROR('Raw Data'!B12,0)) -> 312
A11: =IF('Raw Data'!A13="","",IFERROR('Raw Data'!A13,"")) -> 115/03 | B11: =IF(OR('Raw Data'!A13="",NOT(ISNUMBER('Raw Data'!G13))),0,IFERROR('Raw Data'!F13,0)) -> 735 | C11: =IF(OR('Raw Data'!A13="",NOT(ISNUMBER('Raw Data'!G13))),0,IFERROR('Raw Data'!G13,0)) -> 1443 | D11: =IF('Raw Data'!A13="",0,IFERROR('Raw Data'!C13,0)) -> 2178 | E11: =IF('Raw Data'!A13="",0,IFERROR('Raw Data'!B13,0)) -> 345
A12: =IF('Raw Data'!A14="","",IFERROR('Raw Data'!A14,"")) -> 115/05 | B12: =IF(OR('Raw Data'!A14="",NOT(ISNUMBER('Raw Data'!G14))),0,IFERROR('Raw Data'!F14,0)) -> 652 | C12: =IF(OR('Raw Data'!A14="",NOT(ISNUMBER('Raw Data'!G14))),0,IFERROR('Raw Data'!G14,0)) -> 1543 | D12: =IF('Raw Data'!A14="",0,IFERROR('Raw Data'!C14,0)) -> 2195 | E12: =IF('Raw Data'!A14="",0,IFERROR('Raw Data'!B14,0)) -> 314
A13: =IF('Raw Data'!A15="","",IFERROR('Raw Data'!A15,"")) | B13: =IF(OR('Raw Data'!A15="",NOT(ISNUMBER('Raw Data'!G15))),0,IFERROR('Raw Data'!F15,0)) -> 0 | C13: =IF(OR('Raw Data'!A15="",NOT(ISNUMBER('Raw Data'!G15))),0,IFERROR('Raw Data'!G15,0)) -> 0 | D13: =IF('Raw Data'!A15="",0,IFERROR('Raw Data'!C15,0)) -> 0 | E13: =IF('Raw Data'!A15="",0,IFERROR('Raw Data'!B15,0)) -> 0
... A51: =IF('Raw Data'!A53="","",IFERROR('Raw Data'!A53,"")) | B51: =IF(OR('Raw Data'!A53="",NOT(ISNUMBER('Raw Data'!G53))),0,IFERROR('Raw Data'!F53,0)) -> 0 | C51: =IF(OR('Raw Data'!A53="",NOT(ISNUMBER('Raw Data'!G53))),0,IFERROR('Raw Data'!G53,0)) -> 0 | D51: =IF('Raw Data'!A53="",0,IFERROR('Raw Data'!C53,0)) -> 0 | E51: =IF('Raw Data'!A53="",0,IFERROR('Raw Data'!B53,0)) -> 0
A55: 流動費用 | B55: =SUMIFS('Raw Data'!F4:F60,'Raw Data'!A4:A60,"<>",'Raw Data'!G4:G60,">0") -> 8272
A56: 公共費用 | B56: =SUMIFS('Raw Data'!G4:G60,'Raw Data'!A4:A60,"<>",'Raw Data'!G4:G60,">0") -> 16977
A60: 年度 | B60: 流動費用 | C60: 公共費用 | D60: 總電費
A61: 113年 | B61: =SUMIFS('Raw Data'!F4:F60,'Raw Data'!K4:K60,"113",'Raw Data'!G4:G60,">0") -> 740 | C61: =SUMIFS('Raw Data'!G4:G60,'Raw Data'!K4:K60,"113",'Raw Data'!G4:G60,">0") -> 1769 | D61: =SUMIFS('Raw Data'!C4:C60,'Raw Data'!K4:K60,"113",'Raw Data'!A4:A60,"<>") -> 2589
A62: 114年 | B62: =SUMIFS('Raw Data'!F4:F60,'Raw Data'!K4:K60,"114",'Raw Data'!G4:G60,">0") -> 5497 | C62: =SUMIFS('Raw Data'!G4:G60,'Raw Data'!K4:K60,"114",'Raw Data'!G4:G60,">0") -> 10714 | D62: =SUMIFS('Raw Data'!C4:C60,'Raw Data'!K4:K60,"114",'Raw Data'!A4:A60,"<>") -> 16211
A63: 115年 | B63: =SUMIFS('Raw Data'!F4:F60,'Raw Data'!K4:K60,"115",'Raw Data'!G4:G60,">0") -> 2035 | C63: =SUMIFS('Raw Data'!G4:G60,'Raw Data'!K4:K60,"115",'Raw Data'!G4:G60,">0") -> 4494 | D63: =SUMIFS('Raw Data'!C4:C60,'Raw Data'!K4:K60,"115",'Raw Data'!A4:A60,"<>") -> 6529
